NAME,LATITUDE,LONGITUDE,TMAX,RHAV,MONTH,YEAR
"COLORADO SPRINGS MUNICIPAL AIRPORT, CO US",38.80949,-104.68873,28.99185452217229,70.94597486046973,July,2024
"GLASGOW INTERNATIONAL AIRPORT, MT US",48.21416,-106.62139,22.642572766630284,61.43580438801387,July,2024
"EPHRATA AIRPORT, WA US",47.30777,-119.51551,23.687710900828893,58.21680752930478,July,2024
"CLAYTON MUNICIPAL AIR PARK, NM US",36.44834,-103.15366,30.03248445151241,66.20223752570006,July,2024
"SAN JOSE, CA US",37.35938,-121.92444,27.220988033678303,74.19453282154753,July,2024
"GREAT FALLS AIRPORT, MT US",47.47327,-111.38281,24.01092448057563,55.624359860196584,July,2024
"LARAMIE AIRPORT, WY US",41.3165,-105.67288,27.841437878536468,65.15436592102127,July,2024
"LANDER AIRPORT, WY US",42.81536,-108.72604,27.718312557765792,68.34971388080311,July,2024
"LOS ANGELES INTERNATIONAL AIRPORT, CA US",33.93816,-118.3866,34.502717246501014,71.26943595332799,July,2024
"DALHART FAA AIRPORT, TX US",36.02516,-102.54875,28.45862996355109,63.76066470377367,July,2024
"ALBUQUERQUE INTERNATIONAL AIRPORT, NM US",35.04189,-106.61545,25.644726850393965,62.868370667790956,July,2024
"HAVRE AIRPORT ASOS, MT US",48.54254,-109.76439,26.292629769859637,58.57402762654108,July,2024
"LEWISTON AIRPORT, ID US",46.37458,-117.01529,24.41222019179623,62.66016162711333,July,2024
"SCOTTSBLUFF W B HEILIG FIELD AIRPORT, NE US",41.87466,-103.60112,27.439638454520548,67.36886180929424,July,2024
"ROCK SPRINGS AIRPORT, WY US",41.59465,-109.0529,30.024163758458236,75.47359291924272,July,2024
"SHERIDAN AIRPORT, WY US",44.76031,-106.97413,26.83196505531241,57.316052430068424,July,2024
"HELENA AIRPORT ASOS, MT US",46.60444,-111.98921,26.573550139320908,68.789533449273,July,2024
"NORTH PLATTE REGIONAL AIRPORT, NE US",41.12199,-100.66895,28.13995396385134,63.9776183528775,July,2024
"NEEDLES AIRPORT, CA US",34.76783,-114.61842,33.50833827050927,69.54706489305943,July,2024
"PIERRE REGIONAL AIRPORT, SD US",44.38191,-100.28641,32.60125316737997,69.29366567579667,July,2024
"KINGMAN AIRPORT, AZ US",35.25745,-113.93405,28.27013730821663,69.26204205079988,July,2024
"BAKER CITY AIRPORT, OR US",44.84301,-117.80987,27.85475214993974,70.78309016957506,July,2024
"BARSTOW DAGGETT AIRPORT, CA US",34.85371,-116.78702,30.399455593108883,76.87388644460476,July,2024
"WINK FAA AIRPORT, TX US",31.78011,-103.2017,31.819144314846177,69.8008450235801,July,2024
"BISMARCK MUNICIPAL AIRPORT, ND US",46.78232,-100.75752,22.445742337099002,66.93815440392022,July,2024
"BOZEMAN GALLATIN FIELD AIRPORT, MT US",45.78759,-111.16152,23.719547355798085,56.854219069391505,July,2024
"LIVERMORE MUNICIPAL AIRPORT, CA US",37.69309,-121.8149,32.34202619571,63.473515121390456,July,2024
"BOISE AIR TERMINAL, ID US",43.56705,-116.24062,28.17939693186229,64.08992465508581,July,2024
"LUBBOCK INTERNATIONAL AIRPORT, TX US",33.66578,-101.8233,31.169468726113845,67.36685193551733,July,2024
"PAGO PAGO WEATHER SERVICE OFFICE AIRPORT, AS AQ",-14.33056,-170.71361,31.685422884765753,70.29928162172938,July,2024
"TUCSON INTERNATIONAL AIRPORT, AZ US",32.13153,-110.95638,31.382192901135298,74.48212360953707,July,2024
"DILLON AIRPORT, MT US",45.2584,-112.55454,25.57260280971244,63.25672988725824,July,2024
"CUT BANK AIRPORT, MT US",48.60355,-112.37663,23.864663103149763,56.93407833395864,July,2024
"DEADHORSE, AK US",70.19146,-148.48005,26.413332140119707,56.52239642446777,July,2024
"MCCARRAN INTERNATIONAL AIRPORT, NV US",36.0719,-115.16343,27.525851073923423,60.72326502130366,July,2024
"CHEYENNE WSFO AIRPORT, WY US",41.15788,-104.80814,27.622631084459655,65.44395911158901,July,2024
"ISLIP LI MACARTHUR AIRPORT, NY US",40.79389,-73.10181,26.654823421416378,57.0957827122879,July,2024
"MINOT INTERNATIONAL AIRPORT, ND US",48.25203,-101.26891,23.4249271466081,55.546998005739326,July,2024
"BURLEY MUNICIPAL AIRPORT, ID US",42.54525,-113.7686,25.39964465736782,62.70589463662448,July,2024
"DICKINSON THEODORE ROOSEVELT REGIONAL AIRPORT, ND US",46.79968,-102.79715,20.8052847242102,65.27685478931177,July,2024
"EL PASO INTERNATIONAL AIRPORT, TX US",31.81234,-106.37737,32.93701003054842,69.33914864414575,July,2024
"AMARILLO AIRPORT, TX US",35.22027,-101.71733,25.381839055118594,70.02929492232929,July,2024
"REDDING AIRPORT, CA US",40.51462,-122.29773,28.60894824877453,65.93787396595486,July,2024
"BUTTE BERT MOONEY AIRPORT, MT US",45.96436,-112.50147,23.24925472523282,57.62850417090213,July,2024
"MONTICELLO MUNICIPAL AIRPORT, AR US",33.63602,-91.7555,33.40929345824513,67.83429050281683,July,2024
"NEW ORLEANS LAKEFRONT AIRPORT, LA US",30.04934,-90.02899,29.41489336892921,64.16970940710831,July,2024
"NEW IBERIA AIRPORT ACADIANA REGIONAL, LA US",30.02916,-91.88456,32.89737622052205,82.01590962848589,July,2024
"GUTHRIE MUNICIPAL AIRPORT, OK US",35.85167,-97.4142,28.49739993141859,70.5525627575622,July,2024
"PUEBLO MEMORIAL AIRPORT, CO US",38.28868,-104.5057,28.54377433792265,68.01862787728766,July,2024
"NORTH BEND SOUTHWEST OREGON REGIONAL AIRPORT, OR US",43.41333,-124.24361,29.685848300337007,58.48345158195992,July,2024
"WINSLOW AIRPORT, AZ US",35.02795,-110.72206,28.1054306006337,62.741869556469354,July,2024
"FLAGSTAFF AIRPORT, AZ US",35.14427,-111.66637,24.328241674901175,60.12333161154889,July,2024
"TRINIDAD AIRPORT, CO US",37.26217,-104.33185,28.67366213603558,65.63784116526956,July,2024
"SANTA BARBARA MUNICIPAL AIRPORT, CA US",34.4241,-119.84249,32.47950891886408,65.3634637303468,July,2024
"CRAIG MOFFAT CO AIRPORT, CO US",40.49296,-107.52399,27.633062375438087,61.648547097752754,July,2024
"DE QUEEN SEVIER CO AIRPORT, AR US",34.04799,-94.40157,30.737340638481687,65.49422524330522,July,2024
"CORTEZ MONTEZUMA CO AIRPORT, CO US",37.30705,-108.62646,27.458621015510072,63.8012333761793,July,2024
"MOUNT IDA, AR US",34.5467,-93.578,34.187089664973655,70.35712490218403,July,2024
"MEACHAM, OR US",45.511788,-118.424647,22.620138233139148,58.93369027993509,July,2024
"PHOENIX AIRPORT, AZ US",33.4278,-112.00365,29.389382788915924,77.66453232705813,July,2024
"BILLINGS INTERNATIONAL AIRPORT, MT US",45.80721,-108.54618,21.79760596955693,64.05553452226569,July,2024
"FRESNO YOSEMITE INTERNATIONAL, CA US",36.77999,-119.72016,27.947056124216978,61.08483600700548,July,2024
"GOODLAND RENNER FIELD, KS US",39.36729,-101.69322,30.50627579416549,66.62802840721712,July,2024
"ANCHORAGE TED STEVENS INTERNATIONAL AIRPORT, AK US",61.16916,-150.02771,27.307276083117227,56.49669448968351,July,2024
"ASPEN PITKIN CO AIRPORT SARDY FIELD, CO US",39.22994,-106.87052,28.975347264174317,63.02438035859656,July,2024
"MISSOULA INTERNATIONAL AIRPORT, MT US",46.92076,-114.09376,22.528131077098994,62.3959860163802,July,2024
"RENO AIRPORT, NV US",39.50769,-119.76829,26.687362366937467,68.32824995291955,July,2024
"VALENTINE MILLER FIELD AIRPORT, NE US",42.85855,-100.55141,29.313755993148554,62.06283992855503,July,2024
"MOAB CANYONLAND AIRPORT, UT US",38.75006,-109.76267,29.99745314495176,59.475652066072456,July,2024
"ALAMOSA BERGMAN FIELD, CO US",37.43931,-105.8618,27.037004508319995,65.43851748862166,July,2024
"LIVINGSTON AIRPORT, MT US",45.69835,-110.44154,26.13667574236091,62.173112042909715,July,2024
"KLAWOCK AIRPORT, AK US",55.58191,-133.07468,23.655659740494418,56.80855584691638,July,2024
"LA JUNTA MUNICIPAL AIRPORT, CO US",38.04948,-103.51335,29.071425964152063,69.08277258782799,July,2024
"POCATELLO REGIONAL AIRPORT, ID US",42.91969,-112.57232,29.71820047983901,68.19646501632721,July,2024
"SAN DIEGO INTERNATIONAL AIRPORT, CA US",32.7336,-117.1831,29.777348226539626,66.73564482048197,July,2024
"GRAND JUNCTION WALKER FIELD, CO US",39.13437,-108.54081,28.677158149800213,70.65081092929582,July,2024
"PENDLETON E OR REGIONAL AIRPORT, OR US",45.6975,-118.83446,26.142963816021833,65.80363642158747,July,2024
"SANDBERG, CA US",34.74361,-118.72528,31.159002469459008,80.33834052811812,July,2024
"MILES CITY AIRPORT, MT US",46.42647,-105.88333,22.41512784663415,68.55879858991888,July,2024
"LEWISTOWN AIRPORT, MT US",47.05443,-109.45654,24.742178152995148,55.48693388737892,July,2024
"SPOKANE INTERNATIONAL AIRPORT, WA US",47.62168,-117.52796,24.20016491856597,64.62491260432901,July,2024
"PASCAGOULA LOTT INTERNATIONAL AIRPORT, MS US",30.46304,-88.53156,31.50904395308843,74.39814648294657,July,2024
"JACKSONVILLE CRAIG MUNICIPAL AIRPORT, FL US",30.33708,-81.51277,31.996680935060365,68.25758400288565,July,2024
"VACAVILLE NUT TREE AIRPORT ASOS, CA US",38.37753,-121.95854,25.494558991366223,67.27462364033016,July,2024
"WORLAND MUNICIPAL AIRPORT, WY US",43.96538,-107.95016,28.606712984275813,55.61188174888091,July,2024
"OAK RIDGE ASOS, TN US",36.023,-84.2337,30.38889678301053,55.47307166053517,July,2024
"DURANGO LA PLATA CO AIRPORT, CO US",37.1431,-107.76023,26.927986315323892,56.42679029766325,July,2024
"SLIDELL AIRPORT, LA US",30.34355,-89.82237,30.757374604324536,71.94628460713363,July,2024
"ALABASTER SHELBY CO AIRPORT ASOS, AL US",33.17835,-86.78178,32.258842615986325,72.18254565960031,July,2024
"CEDAR CITY AIRPORT, UT US",37.70672,-113.09698,32.26881617543351,63.6305794341279,July,2024
"RIFLE GARFIELD CO AIRPORT, CO US",39.52791,-107.71965,29.649824910330203,73.60584564379631,July,2024
"GALLUP MUNICIPAL AIRPORT, NM US",35.50857,-108.79319,27.85873782290605,69.93537701454642,July,2024
"DENVER INTERNATIONAL AIRPORT, CO US",39.84657,-104.65623,28.059398227078205,57.00843407605085,July,2024
"LOVELOCK DERBY FIELD AIRPORT, NV US",40.06843,-118.57018,29.79827031342512,64.14012897057289,July,2024
"RAWLINS AIRPORT, WY US",41.80644,-107.19518,26.63593712870638,60.30157341909349,July,2024
"LOS ANGELES DOWNTOWN USC, CA US",34.0236,-118.2911,32.917613909996604,72.06997934360754,July,2024
"MONTROSE REGIONAL AIRPORT, CO US",38.50538,-107.89813,26.323817486658715,64.84710537617315,July,2024
"ASTORIA AIRPORT PORT OF, OR US",46.15694,-123.88326,25.387372003827814,55.58510813046779,July,2024
"HOQUIAM BOWERMAN AIRPORT, WA US",46.97288,-123.93074,23.559068411678677,68.47236265263967,July,2024
"KOROR, PW PS",7.33674,134.47686,32.301041187864385,70.28698453979372,July,2024
"SHELTON AIRPORT, WA US",47.23842,-123.14147,23.4616858726978,57.91980230264879,July,2024
"CASPER NATRONA CO AIRPORT, WY US",42.89778,-106.47361,29.048030064029973,63.73430025269847,July,2024
"DOUGLAS BISBEE INTERNATIONAL AIRPORT, AZ US",31.4583,-109.6061,31.737977125115755,78.09334023104313,July,2024
"WENATCHEE PANGBORN MEMORIAL AIRPORT, WA US",47.39746,-120.20124,27.23695752904239,64.55637319917028,July,2024
"DEER PARK AIRPORT, WA US",47.97416,-117.42921,26.128301384703317,59.18824445917441,July,2024
"LANCASTER, CA US",34.74121,-118.21255,30.043567006545885,65.03955159950189,July,2024
"QUILLAYUTE AIRPORT, WA US",47.93695,-124.55757,24.287184204224904,55.8190243092021,July,2024
"ANCHORAGE LAKE HOOD SEA PLANE BASE, AK US",61.1786,-149.96509,25.102732847983876,57.58928694497651,July,2024
"CAVERN CITY AIRPORT, NM US",32.33355,-104.25846,31.31276100711018,72.53582879607777,July,2024
"CHARLESTON INTL. AIRPORT, SC US",32.89945,-80.0407,33.81871505594302,73.78265950493355,July,2024
"HOMER AIRPORT, AK US",59.64196,-151.49098,25.64197622386541,56.37229420512479,July,2024
"ILIAMNA AIRPORT, AK US",59.74922,-154.90902,23.874656170210706,64.00380091685751,July,2024
"ALBANY INTERNATIONAL AIRPORT, NY US",42.74722,-73.79913,29.471823826110075,60.45692056015952,July,2024
"MEDICINE LODGE 1 E, KS US",37.2839,-98.5528,24.38400595763779,61.9411317301724,July,2024
"NEWARK LIBERTY INTERNATIONAL AIRPORT, NJ US",40.68275,-74.16927,30.03638231391526,57.7523823964727,July,2024
"BUFFALO NIAGARA INTERNATIONAL AIRPOR, NY US",42.93998,-78.73606,29.329763203113288,57.603461269083056,July,2024
"LAGUARDIA AIRPORT, NY US",40.77945,-73.88027,26.368483457903114,60.40286319601733,July,2024
"CRESTVIEW FAA AP, FL US",30.77715,-86.51938,32.37782054013928,69.87134122055323,July,2024
"MILLINOCKET MUNICIPAL AIRPORT, ME US",45.64778,-68.69245,20.96057473294914,55.03009309694605,July,2024
"YOUNGSTOWN WARREN REGIONAL AIRPORT, OH US",41.25478,-80.67361,26.854864550715654,72.49042180852852,July,2024
"COLUMBIA METROPOLITAN AIRPORT, SC US",33.94225,-81.11802,33.64345900712362,65.3375150683552,July,2024
"CHATTANOOGA AIRPORT, TN US",35.03363,-85.20039,27.980745762392274,65.9197320125071,July,2024
"SAN JUAN L M MARIN INTERNATIONAL AIRPORT, PR US",18.43261,-66.01065,31.897695541214674,76.60121483626334,July,2024
"CHARLOTTE DOUGLAS AIRPORT, NC US",35.22254,-80.95433,28.067839285969836,65.46256302136877,July,2024
"HOT SPRINGS ASOS, AR US",34.47551,-93.10413,31.892855530643743,68.1804208791549,July,2024
"HOULTON AIRPORT, ME US",46.11846,-67.79289,25.48123457545309,60.735042932767776,July,2024
"CARIBOU WEATHER FORECAST OFFICE, ME US",46.87049,-68.01723,23.071515578328206,57.19132667969678,July,2024
"BANGOR INTERNATIONAL AIRPORT, ME US",44.79791,-68.81852,28.629019110492017,59.99595402978653,July,2024
"SOUTH BEND AIRPORT, IN US",41.70722,-86.31628,26.283073502685106,68.06353143017235,July,2024
"AUGUSTA STATE AIRPORT, ME US",44.3161,-69.79702,29.11164884240007,62.084442614567784,July,2024
"SAULT STE MARIE SANDERSON FIELD, MI US",46.47998,-84.35809,23.517943347221713,64.68376631765213,July,2024
"BRUNSWICK MCKINNON AIRPORT, GA US",31.1527,-81.39053,31.938518700733077,73.98131399763457,July,2024
"STILLWATER REGIONAL AIRPORT, OK US",36.16238,-97.08931,27.45674359171232,65.83158254687562,July,2024
"SANTA ROSA SONOMA CO AIRPORT, CA US",38.50369,-122.81101,27.646519899227197,69.85442944544079,July,2024
"KNOXVILLE AIRPORT, TN US",35.81801,-83.98573,26.49291065853182,62.27970390990585,July,2024
"PASO ROBLES MUNICIPAL AIRPORT, CA US",35.66936,-120.62918,28.493875093239,68.91888452827506,July,2024
"CROSSVILLE MEMORIAL AIRPORT, TN US",35.95097,-85.08141,28.83199614605324,68.89286448638924,July,2024
"PENSACOLA REGIONAL AIRPORT, FL US",30.47612,-87.18575,30.004039769230967,68.4928925537754,July,2024
"CONCORD MUNICIPAL AIRPORT, NH US",43.20488,-71.50257,27.105400141030287,62.85140305450417,July,2024
"LONDON CORBIN AIRPORT, KY US",37.08958,-84.06881,28.04502076392494,66.64514272913733,July,2024
"LUMBERTON REGIONAL AIRPORT, NC US",34.60817,-79.059,31.102027792700994,79.84122227580886,July,2024
"NASHVILLE INTERNATIONAL AIRPORT, TN US",36.11054,-86.68815,27.66576757871991,63.83882269338248,July,2024
"MUSCLE SHOALS AIRPORT, AL US",34.74388,-87.59971,34.42415261073502,67.74613813353314,July,2024
"BURLINGTON INTERNATIONAL AIRPORT, VT US",44.46825,-73.1499,26.47275582181136,70.89197400788389,July,2024
"MONTGOMERY AIRPORT, AL US",32.2997,-86.40745,28.531719495592554,70.34066277849675,July,2024
"MOBILE REGIONAL AIRPORT, AL US",30.68819,-88.24598,31.101890281540527,74.33010532492301,July,2024
"HARTFORD BRADLEY INTERNATIONAL AIRPORT, CT US",41.93742,-72.68202,27.50776047253046,72.3731556375756,July,2024
"MARYSVILLE AIRPORT ASOS, CA US",39.10205,-121.56884,27.26501507667808,55.46488056965087,July,2024
"MEMPHIS INTERNATIONAL AIRPORT, TN US",35.05639,-89.9864,28.403216795773062,64.81210204275538,July,2024
"ERIE INTERNATIONAL AIRPORT, PA US",42.08026,-80.18236,26.457877360235244,63.85098148342113,July,2024
"BOSTON LOGAN INTERNATIONAL AIRPORT, MA US",42.36057,-71.00975,26.237079825105617,60.18834616277458,July,2024
"ALLENTOWN LEHIGH VALLEY INTERNATIONAL AIRPORT, PA US",40.64984,-75.44773,26.988269238428842,55.40682954569631,July,2024
"GUAM INTERNATIONAL AIRPORT, GU GQ",13.48333,144.8,31.01922689528126,62.042509229863285,July,2024
"HANCOCK HOUGHTON CO AIRPORT, MI US",47.16594,-88.48076,27.18126142192368,60.52184390934709,July,2024
"HUNTSVILLE INTNL AIRPORT, AL US",34.64406,-86.78615,34.32867132189247,67.32981985340584,July,2024
"ALTOONA BLAIR CO AIRPORT, PA US",40.29993,-78.3168,25.495709576057845,60.99083206540114,July,2024
"JACKSONVILLE INTERNATIONAL AIRPORT, FL US",30.49529,-81.69374,29.1052866306634,70.4721368985738,July,2024
"COLD BAY AIRPORT, AK US",55.22068,-162.7323,23.871370578569298,56.539264748119635,July,2024
"KING SALMON AIRPORT, AK US",58.68294,-156.65634,26.86739251800654,66.45090319389301,July,2024
"KODIAK AIRPORT, AK US",57.75071,-152.4881,24.99913461273973,56.89557880406368,July,2024
"MAJURO WBAS AIRPORT, MH RM",7.06497,171.27203,31.95067145119581,77.52660759986281,July,2024
"CHIPPEWA VALLEY REGIONAL AIRPORT, WI US",44.86654,-91.48809,27.315888590932556,64.84992133976048,July,2024
"WILMINGTON AIRPORT, DE US",39.67444,-75.60566,29.615743714661207,61.74050203062478,July,2024
"CEDAR RAPIDS MUNICIPAL AIRPORT, IA US",41.882917,-91.724591,28.266984069404955,61.377176212294074,July,2024
"KOTZEBUE AIRPORT, AK US",66.88569,-162.6068,26.597637574770527,67.56897127565522,July,2024
"NOME AIRPORT, AK US",64.51112,-165.44002,21.468442706361277,63.47916689977825,July,2024
"BLUEFIELD MERCER CO AIRPORT, WV US",37.2978,-81.20358,28.635468682799782,61.202909085432914,July,2024
"ELIZABETH CITY COAST GUARD AIR STATION, NC US",36.25771,-76.1716,27.155053498681177,65.59538284112304,July,2024
"BLUE HILL LCD, MA US",42.2123,-71.1137,28.6214128262704,53.206605956598295,July,2024
"JFK INTERNATIONAL AIRPORT, NY US",40.63915,-73.7639,28.376284377394597,58.34197840694002,July,2024
"GLENS FALLS FLOYD BENNETT MEMORIAL AIRPORT, NY US",43.33849,-73.61024,28.764499313500036,61.24855665412981,July,2024
"REDWOOD FALLS MUNICIPAL AIRPORT, MN US",44.54827,-95.08042,29.466373220164286,61.125913681997424,July,2024
"FREDERICK MUNICIPAL AIRPORT, OK US",34.35307,-98.98762,34.08468886964274,76.06507360040003,July,2024
"HUNTINGTON TRI STATE AIRPORT, WV US",38.36531,-82.5548,30.927584755605423,55.42906663629598,July,2024
"WATERTOWN INTERNATIONAL AIRPORT, NY US",43.98872,-76.02609,28.02369145158606,57.860967354578136,July,2024
"STOCKTON AIRPORT, CA US",37.88997,-121.22637,27.18647503958453,67.26197241645185,July,2024
"SACRAMENTO AIRPORT ASOS, CA US",38.50659,-121.49604,26.161267346977414,66.15136156627534,July,2024
"SAN FRANCISCO INTERNATIONAL AIRPORT, CA US",37.61962,-122.36562,28.65232951054538,63.251145822093214,July,2024
"SALINAS AIRPORT, CA US",36.66352,-121.60928,29.25237602114013,75.2624446439845,July,2024
"FREDERICK DOUGLASS GREATER ROCHESTER INTERNATIONAL AIRPORT, NY US",43.11723,-77.67539,25.977328376453336,68.08703545933997,July,2024
"RHODE ISLAND T.F. GREEN INTERNATIONAL AIRPORT, RI US",41.72252,-71.43248,29.71699747637311,71.11412352828052,July,2024
"PORTLAND JETPORT, ME US",43.64244,-70.30443,27.84797453442428,64.74599940783443,July,2024
"NAPA CO AIRPORT, CA US",38.2075,-122.28041,26.11627482363651,62.28208928226595,July,2024
"ROOSEVELT ROADS, PR US",18.2552,-65.6411,30.72756920825803,67.33935311301123,July,2024
"HAYWARD AIR TERMINAL, CA US",37.65886,-122.12116,26.585135856034334,69.63832455686268,July,2024
"BECKLEY RALEIGH CO AIRPORT, WV US",37.78359,-81.12283,26.611817127851413,68.86374168852355,July,2024
"FOND DU LAC CO AIRPORT, WI US",43.76951,-88.49076,28.85485209466396,63.906959337579394,July,2024
"TALLULAH VICKSBURG REGIONAL AIRPORT, LA US",32.34808,-91.02994,33.29574159303282,72.3579202731451,July,2024
"BINGHAMTON GREATER AP, NY US",42.20678,-75.97993,30.548718372284803,69.81309027008608,July,2024
"BURNET MUNICIPAL AIRPORT, TX US",30.74067,-98.23539,30.952666651492255,67.18035260108856,July,2024
"SOUTH LAKE TAHOE AIRPORT, CA US",38.89838,-119.99617,28.51443440118296,63.283022626378525,July,2024
"NIAGARA FALLS INTERNATIONAL AIRPORT, NY US",43.1083,-78.93818,27.029461299552015,67.23320250827693,July,2024
"BLUE CANYON NYACK AIRPORT, CA US",39.27617,-120.70927,28.03018585449356,56.05669871183663,July,2024
"BETHEL AIRPORT, AK US",60.78497,-161.82931,21.779429419011514,62.32796087697599,July,2024
"DEL RIO INTERNATIONAL AIRPORT, TX US",29.3784,-100.92704,30.31520428949033,64.37475470226343,July,2024
"GRNVL SPART INTERNATIONAL AIRPORT, SC US",34.90614,-82.21253,33.204590732988166,74.70826695470252,July,2024
"CHICAGO OHARE INTERNATIONAL AIRPORT, IL US",41.96017,-87.93164,25.774801071841374,75.73892413620257,July,2024
"MASSENA INTERNATIONAL AIRPORT, NY US",44.93341,-74.84836,28.922246451516532,61.51415842591882,July,2024
"SYRACUSE HANCOCK INTERNATIONAL AIRPORT, NY US",43.1111,-76.10384,26.985776421922424,58.25178132568748,July,2024
"DETROIT METRO AIRPORT, MI US",42.23113,-83.33121,25.11169542294018,64.10045684599237,July,2024
"MANSFIELD LAHM REGIONAL AIRPORT, OH US",40.8204,-82.51769,24.192145990852797,63.673701084401145,July,2024
"ALPENA CO REGIONAL AIRPORT, MI US",45.0716,-83.56451,26.195192019830014,63.30361912229494,July,2024
"NY CITY CENTRAL PARK, NY US",40.77898,-73.96925,25.141875297976185,66.17030655447157,July,2024
"DALLESPORT AIRPORT, WA US",45.61901,-121.16571,23.90344107597891,58.518348586756574,July,2024
"JUNEAU AIRPORT, AK US",58.354,-134.55606,24.530926191565474,60.45306800862388,July,2024
"ROSWELL INDUSTRIAL AIR PARK, NM US",33.30735,-104.50817,30.030196656430295,64.38923792445738,July,2024
"LONG BEACH DAUGHERTY AIRPORT, CA US",33.81177,-118.14718,31.16971194746967,74.14607521694133,July,2024
"EL DORADO GOODWIN FIELD, AR US",33.22072,-92.81404,32.71823586501172,78.08980571477443,July,2024
"MINNEAPOLIS CRYSTAL AIRPORT, MN US",45.06222,-93.35107,24.43997427723071,54.01201431110314,July,2024
"WILLIAMSPORT REGIONAL AIRPORT, PA US",41.24295,-76.92173,27.309136650288618,57.10373511283751,July,2024
"FAYETTEVILLE DRAKE FIELD, AR US",36.01027,-94.16824,28.355356944512984,62.989557866260746,July,2024
"GREEN BAY A S INTERNATIONAL AIRPORT, WI US",44.47958,-88.1371,27.846648003721633,58.89264761438338,July,2024
"WILKES BARRE SCRANTON INTERNATIONAL AIRPORT, PA US",41.33349,-75.72273,26.54437513065621,58.61891158449424,July,2024
"WAUSAU ASOS, WI US",44.927497,-89.625279,29.800735685160596,57.989907521760614,July,2024
"GULFPORT BILOXI AIRPORT, MS US",30.4121,-89.08093,32.31113087744215,69.03198801996301,July,2024
"MINNEAPOLIS FLYING CLOUD AIRPORT, MN US",44.83214,-93.47051,25.236953234141396,62.94288765171976,July,2024
"AKRON CANTON AIRPORT, OH US",40.91811,-81.44342,28.78251197375762,66.86628462067584,July,2024
"LIMA ALLEN CO AIRPORT, OH US",40.70806,-84.0214,27.076726225009548,62.18492902543666,July,2024
"JACKSON JULIAN CARROLL AIRPORT, KY US",37.591335,-83.313696,27.565845714027862,58.91678452229663,July,2024
"MODESTO AIRPORT, CA US",37.62544,-120.95492,28.01229225129511,64.91558510042441,July,2024
"MEDFORD INTERNATIONAL AIRPORT, OR US",42.37503,-122.87702,26.810578745520857,59.70721978827856,July,2024
"OLYMPIA AIRPORT, WA US",46.97371,-122.90493,26.704556794341528,62.56085559643596,July,2024
"CONCORD BUCHANAN FIELD, CA US",37.99165,-122.05268,25.760023412097368,56.66888599580692,July,2024
"EUGENE MAHLON SWEET FIELD, OR US",44.13311,-123.21563,28.08503121594766,54.175570955439724,July,2024
"KENAI AIRPORT, AK US",60.57909,-151.24152,24.572027371732375,51.95113649832305,July,2024
"SHREVEPORT DOWNTOWN AIRPORT, LA US",32.53984,-93.74616,32.061819162542,67.9084029002927,July,2024
"CLARKSVILLE OUTLAW AIRPORT, TN US",36.61689,-87.41174,27.713521287283044,63.56435071885065,July,2024
"CHILDRESS MUNICIPAL AIRPORT, TX US",34.42747,-100.28391,31.434480075519815,70.68470891734052,July,2024
"RED BLUFF MUNICIPAL AIRPORT, CA US",40.15186,-122.25478,26.795230081303046,62.17648823001027,July,2024
"MCGRATH AIRPORT, AK US",62.9574,-155.61009,22.76863026274074,55.767460211148936,July,2024
"AMES MUNICIPAL AIRPORT, IA US",41.99045,-93.61852,29.73781517690167,72.16637285313439,July,2024
"GRAND RAPIDS GERALD R FORD INTERNATIONAL AIRPORT, MI US",42.8821,-85.52297,27.337379914754614,70.8444270928353,July,2024
"MARSHALLTOWN MUNICIPAL AIRPORT, IA US",42.11061,-92.91635,31.198278500209568,69.93101215430762,July,2024
"WORCESTER REGIONAL AIRPORT, MA US",42.2706,-71.8731,29.00341047819365,66.54448146634648,July,2024
"BRADFORD REGIONAL AIRPORT, PA US",41.79835,-78.63543,23.998555428090363,66.94253161929717,July,2024
"PALMER AIRPORT, AK US",61.59505,-149.09175,25.324888524341347,55.97401057138945,July,2024
"ELKO REGIONAL AIRPORT, NV US",40.82402,-115.78635,27.920260291416128,65.72179144112717,July,2024
"TONOPAH AIRPORT, NV US",38.05049,-117.09063,25.915072378924265,60.3006638998926,July,2024
"SANTA MARIA PUBLIC AIRPORT, CA US",34.89403,-120.45216,33.95638279973895,64.73363349689916,July,2024
"LAMONI MUNICIPAL AIRPORT, IA US",40.63064,-93.90045,27.346124599819706,56.91255110379213,July,2024
"SALT LAKE CITY INTERNATIONAL AIRPORT, UT US",40.77069,-111.96503,27.218601459577325,67.03035790980026,July,2024
"BLYTHE ASOS, CA US",33.61876,-114.71451,32.56278502541344,70.8183588111486,July,2024
"YAKUTAT AIRPORT, AK US",59.51211,-139.67103,25.71424550933435,58.48557561059909,July,2024
"GULKANA AIRPORT, AK US",62.15914,-145.45885,24.170122797297235,57.83096706456091,July,2024
"WINNEMUCCA AIRPORT, NV US",40.90178,-117.80812,28.06272902184301,55.849467556412044,July,2024
"BAKERSFIELD AIRPORT, CA US",35.43424,-119.05524,26.95470097832012,66.28199779621919,July,2024
"SAN ANGELO MATHIS FIELD AIRPORT, TX US",31.35172,-100.4948,33.68863527354815,68.42229968551821,July,2024
"ELY AIRPORT, NV US",39.29537,-114.84666,28.18457617983817,69.47998605206817,July,2024
"SKAGWAY AIRPORT, AK US",59.45383,-135.32769,23.6618353088745,60.73105677948793,July,2024
"YAKIMA AIRPORT, WA US",46.56398,-120.53488,23.475739684561844,63.52891942602015,July,2024
"BISHOP AIRPORT, CA US",37.37114,-118.35886,29.540238393380584,64.96379800702927,July,2024
"SITKA AIRPORT, AK US",57.04746,-135.36703,23.606514605551308,60.908389360777974,July,2024
"PORTLAND INTERNATIONAL AIRPORT, OR US",45.59578,-122.60919,25.54409642720298,64.65563138843919,July,2024
"TALKEETNA AIRPORT, AK US",62.31978,-150.09744,23.292637944965197,59.038053678307946,July,2024
"BENTON HARBOR, MI US",42.12894,-86.41518,29.08345822567411,67.35927444100749,July,2024
"MARYLAND SCIENCE CENTER, MD US",39.2814,-76.6111,28.310644270513542,62.782377925998,July,2024
"REDMOND AIRPORT, OR US",44.2558,-121.1407,26.573867517124064,64.3444654518775,July,2024
"STAMPEDE PASS, WA US",47.2767,-121.3372,23.869535853559913,67.9676199930474,July,2024
"KETCHIKAN AIRPORT, AK US",55.3586,-131.72196,20.714095625398294,63.20253340978547,July,2024
"BIG DELTA AIRPORT, AK US",63.99312,-145.72134,22.883940238452222,57.292705456981764,July,2024
"BARROW AIRPORT, AK US",71.28703,-156.73938,21.63329039211053,62.11459580113626,July,2024
"BETTLES AIRPORT, AK US",66.91764,-151.51892,26.99625013976951,53.60009363187102,July,2024
"HAINES AIRPORT, AK US",59.24287,-135.51139,21.65095407597508,58.89403892690384,July,2024
"MIDLAND INTERNATIONAL AIRPORT, TX US",31.94754,-102.20859,35.87868594082697,65.23287849588749,July,2024
"SEATTLE TACOMA AIRPORT, WA US",47.44467,-122.31442,24.771419299002723,62.25953098816669,July,2024
"SALEM AIRPORT MCNARY FIELD, OR US",44.90488,-123.00103,27.22169924807047,64.05534214165903,July,2024
"CORDOVA AIRPORT, AK US",60.48604,-145.4445,25.20954015093124,61.41739237788254,July,2024
"SEXTON SUMMIT, OR US",42.6,-123.3667,27.033227921260675,68.87089759271613,July,2024
"FAIRBANKS INTERNATIONAL AIRPORT, AK US",64.80309,-147.87606,21.885676679388588,57.69892870461475,July,2024
"NORTH MYRTLE BEACH, SC US",33.81618,-78.72043,32.11860540231324,67.87757841732919,July,2024
"KAHULUI AIRPORT, HI US",20.88871,-156.43453,33.05010904448936,69.81481409700433,July,2024
"NEW BERN COASTAL CAROLINA REGIONAL AIRPORT, NC US",35.06836,-77.04783,29.91761634289283,60.697518628022685,July,2024
"APALACHICOLA AIRPORT, FL US",29.72681,-85.02481,32.74659516433849,69.94393505908855,July,2024
"MCALESTER REGIONAL AIRPORT, OK US",34.88237,-95.78154,31.205981714496005,70.20781396316778,July,2024
"COTULLA LA SALLE CO AIRPORT, TX US",28.45854,-99.22275,34.07941412312123,71.14470107582274,July,2024
"HONOLULU INTERNATIONAL AIRPORT, HI US",21.32402,-157.93946,33.74446373935406,72.09775220956956,July,2024
"ANDERSON REGIONAL AIRPORT, SC US",34.498,-82.70924,32.403526291657315,61.984418720348984,July,2024
"HOUGHTON LAKE ROSCOMMON CO AIRPORT, MI US",44.35904,-84.6739,29.816166620235244,58.57439250717689,July,2024
"CAPE HATTERAS BILLY MITCHELL FIELD, NC US",35.23238,-75.62223,31.277215466477212,59.164078730761695,July,2024
"TAMPA INTERNATIONAL AIRPORT, FL US",27.96331,-82.54,31.1846240898594,70.46304000613247,July,2024
"VERO BEACH INTERNATIONAL AIRPORT, FL US",27.6553,-80.41425,30.650483476575495,68.5781207045967,July,2024
"HONDO MUNICIPAL AIRPORT, TX US",29.36013,-99.17423,31.140966214358052,58.66137715932477,July,2024
"SALISBURY WICOMICO REGIONAL AIRPORT, MD US",38.3409,-75.51324,25.975524955051235,74.73522404236014,July,2024
"BALTIMORE WASHINGTON INTERNATIONAL AIRPORT, MD US",39.17329,-76.68408,28.886822176925037,55.05515466127079,July,2024
"COLUMBUS METROPOLITAN AIRPORT, GA US",32.51625,-84.94218,29.58514519798447,70.15211840021239,July,2024
"HIBBING CHISHOLM HIBBING AIRPORT, MN US",47.38039,-92.83246,25.897521351107546,62.81686520882441,July,2024
"HOUSTON INTERCONTINENTAL AIRPORT, TX US",29.98438,-95.36072,30.991727545739767,66.40106512825389,July,2024
"MIAMI INTERNATIONAL AIRPORT, FL US",25.78805,-80.31694,34.03806169826624,73.19979845330766,July,2024
"JACKSON HAWKINS FIELD, MS US",32.33756,-90.2214,28.164442552519326,64.95911260307592,July,2024
"MCALLEN MILLER INTERNATIONAL AIRPORT, TX US",26.17912,-98.2445,31.422218558444253,70.85550700966338,July,2024
"MELBOURNE INTERNATIONAL AIRPORT, FL US",28.09969,-80.6356,30.06048437636562,59.09726588754254,July,2024
"FORT MYERS PAGE FIELD AIRPORT, FL US",26.58495,-81.86146,34.0300323838823,75.86614545646749,July,2024
"KEY WEST INTERNATIONAL AIRPORT, FL US",24.55706,-81.75539,34.51853719775574,70.00437793120311,July,2024
"DAYTONA BEACH INTERNATIONAL AIRPORT, FL US",29.17351,-81.07185,28.483881653975935,62.0264379772859,July,2024
"MONTPELIER EDWARD F. KNAPP STATE AIRPORT, VT US",44.20503,-72.56545,29.298792337500682,68.14377157263924,July,2024
"WASHINGTON DULLES INTERNATIONAL AIRPORT, VA US",38.93485,-77.44728,29.60303103048836,73.16076121922647,July,2024
"LIHUE WEATHER SERVICE OFFICE AIRPORT 1020.1, HI US",21.98048,-159.33863,32.48852678781624,65.36794767703091,July,2024
"WALLOPS ISLAND NASA TEST FACILITY, VA US",37.93718,-75.46622,28.882244964118033,63.94894029051751,July,2024
"ALEXANDRIA CHANDLER FIELD, MN US",45.86801,-95.39399,24.774082522163347,57.42588051819636,July,2024
"MONROE REGIONAL AIRPORT, LA US",32.51552,-92.02995,33.30426272300018,66.14891542634338,July,2024
"ATLANTIC CITY INTERNATIONAL AIRPORT, NJ US",39.45203,-74.56701,26.36129943928549,60.62218949783369,July,2024
"SAN ANTONIO STINSON MUNICIPAL AIRPORT, TX US",29.33896,-98.47198,33.800741516660025,66.76770895239845,July,2024
"NEW BRAUNFELS MUNICIPAL AIRPORT, TX US",29.70887,-98.04585,32.31401950384314,67.03809769756313,July,2024
"ROCKFORD GREATER ROCKFORD AIRPORT, IL US",42.19325,-89.093348,28.2240007596547,63.217682930984786,July,2024
"IGOR I SIKORSKY MEMORIAL AIRPORT, CT US",41.16424,-73.12664,28.849937423861604,62.854616745147865,July,2024
"PITTSBURGH INTERNATIONAL AIRPORT, PA US",40.48459,-80.21448,26.09384681675569,68.80585506536832,July,2024
"GREENVILLE ASOS, MS US",33.49385,-90.98058,29.66983672287589,73.35938158246299,July,2024
"FORT LAUDERDALE INTERNATIONAL AIRPORT, FL US",26.07875,-80.16223,31.818451756545684,62.33249694594012,July,2024
"ALEXANDRIA ESLER FIELD, LA US",31.3963,-92.28278,34.3153083970712,67.03204820304718,July,2024
"WEST PALM BEACH INTERNATIONAL AIRPORT, FL US",26.6851,-80.09918,30.221926056949272,76.252786232552,July,2024
"FALLS CITY BRENNER FIELD, NE US",40.07912,-95.58928,28.262731660999712,66.47012479805457,July,2024
"QUINCY REGIONAL AIRPORT, IL US",39.93709,-91.19661,26.924974138095884,66.67235352529242,July,2024
"HATTIESBURG CHAIN MUNICIPAL AIRPORT, MS US",31.26951,-89.25609,30.723532356120568,71.1948920903188,July,2024
"MINNEAPOLIS ST. PAUL INTERNATIONAL AIRPORT, MN US",44.88523,-93.23133,28.751122548965263,63.69169456978771,July,2024
"LONGVIEW E TX REGIONAL AIRPORT, TX US",32.39094,-94.71396,33.13906324908418,69.79476104680117,July,2024
"COLLEGE STATION EASTERWOOD FIELD, TX US",30.5912,-96.36309,30.81867279655517,67.98050544567793,July,2024
"LA CROSSE REGIONAL AIRPORT, WI US",43.87922,-91.25301,30.080875383950175,69.27867625988095,July,2024
"TOLEDO EXPRESS AIRPORT, OH US",41.58705,-83.80538,28.633755439738806,63.02610871623159,July,2024
"TUPELO REGIONAL AIRPORT, MS US",34.26224,-88.77127,31.637483053230095,69.43521767385445,July,2024
"MINERAL WELLS AIRPORT, TX US",32.78155,-98.06023,32.5212770538579,73.67668726626253,July,2024
"HOBART MUNICIPAL AIRPORT, OK US",34.98908,-99.05282,35.05452127198433,68.36103998036415,July,2024
"LUFKIN ANGELINA CO AIRPORT, TX US",31.23593,-94.75468,33.130296126651025,69.64639975549893,July,2024
"JAMESTOWN MUNICIPAL AIRPORT, ND US",46.92586,-98.67037,22.951954597111786,58.209010043561115,July,2024
"INTERNATIONAL FALLS INTERNATIONAL AIRPORT, MN US",48.55943,-93.39554,23.971938757084466,59.55332538271793,July,2024
"GRAND FORKS INTERNATIONAL AIRPORT, ND US",47.94281,-97.18294,24.196903306757257,58.378389795449024,July,2024
"FARGO HECTOR INTERNATIONAL AIRPORT, ND US",46.92424,-96.81186,24.998035181467433,57.32071636715301,July,2024
"DULUTH INTERNATIONAL AIRPORT, MN US",46.8436,-92.18658,24.359321581303846,56.46023534682049,July,2024
"MOLOKAI KAUNAKAKAI MOLOKAI AIRPORT, HI US",21.15448,-157.09612,34.842985863428254,69.13774618985855,July,2024
"DES MOINES INTERNATIONAL AIRPORT, IA US",41.53395,-93.65313,27.659970356948246,70.09119105549318,July,2024
"GREENSBORO PIEDMONT TRIAD INTERNATIONAL AIRPORT, NC US",36.0969,-79.94316,25.405141453859812,68.11848533778988,July,2024
"FORT SMITH REGIONAL AIRPORT, AR US",35.33346,-94.36526,28.321792854245878,57.10409161914462,July,2024
"RALEIGH DURHAM INTERNATIONAL AIRPORT, NC US",35.89227,-78.78194,27.338312201205838,62.85425253166698,July,2024
"BURLINGTON MUNICIPAL AIRPORT, IA US",40.77291,-91.12546,25.743953514776734,61.80830715570056,July,2024
"LITTLE ROCK AIRPORT ADAMS FIELD, AR US",34.72727,-92.2358,30.94471402749933,62.188384191999866,July,2024
"ABILENE REGIONAL AIRPORT, TX US",32.41063,-99.68208,31.46241804773402,71.37639264550408,July,2024
"FORT WORTH MEACHAM FIELD, TX US",32.82478,-97.36403,33.70970632437573,69.51954390415634,July,2024
"DALLAS FAA AIRPORT, TX US",32.83839,-96.83583,29.775127523153188,80.11471038153293,July,2024
"ABERDEEN REGIONAL AIRPORT, SD US",45.44358,-98.41384,24.524677901362924,58.32989832881198,July,2024
"DOTHAN REGIONAL AIRPORT, AL US",31.31767,-85.44324,35.330720932281785,66.11912217551057,July,2024
"ST. PAUL DOWNTOWN AIRPORT, MN US",44.93234,-93.05586,27.737707546484977,60.63530852671369,July,2024
"WACO REGIONAL AIRPORT, TX US",31.61796,-97.2283,31.69363926550224,67.74204673376461,July,2024
"AUSTIN CAMP MABRY, TX US",30.3208,-97.7604,33.07966477921655,72.95163312220839,July,2024
"ST. CLOUD REGIONAL AIRPORT, MN US",45.54416,-94.0516,24.783272393870412,63.52434040898535,July,2024
"ROCHESTER INTERNATIONAL AIRPORT, MN US",43.904,-92.49207,30.12634333585603,79.63078669259147,July,2024
"SHREVEPORT AIRPORT, LA US",32.4473,-93.8244,31.749333308151986,63.96709235646261,July,2024
"MOLINE QUAD CITY INTERNATIONAL AIRPORT, IL US",41.44816,-90.52365,29.053289367474445,65.43117437648598,July,2024
"MCCOMB AIRPORT, MS US",31.18228,-90.47207,33.07715118331103,66.57859231787145,July,2024
"SAINT PAUL ISLAND AIRPORT, AK US",57.15505,-170.22272,23.496666160273048,61.75249885895699,July,2024
"TALLAHASSEE REGIONAL AIRPORT, FL US",30.39354,-84.35136,31.829029715026955,76.91578584566733,July,2024
"TUSCALOOSA AIRPORT ASOS, AL US",33.21217,-87.61552,31.983201242810345,74.31055689516867,July,2024
"BOWLING GREEN WARREN CO AIRPORT, KY US",36.96467,-86.42379,26.143450278039374,58.961977462167695,July,2024
"LAFAYETTE REGIONAL AIRPORT, LA US",30.19859,-91.98957,31.41698240981954,73.42328770501524,July,2024
"MARTINSBURG EASTERN WEST VIRGINIA REGIONAL AIRPORT, WV US",39.40375,-77.97501,30.24424679015032,54.43324603380866,July,2024
"SIOUX FALLS FOSS FIELD, SD US",43.57751,-96.75387,29.556574923506677,53.10040318909489,July,2024
"DETROIT CITY AIRPORT, MI US",42.40725,-83.00899,27.130096126426764,63.75474719400157,July,2024
"GAGE AIRPORT, OK US",36.29659,-99.76865,27.97638677720105,68.05340112106231,July,2024
"LYNCHBURG REGIONAL AIRPORT, VA US",37.32126,-79.20649,29.457084834141313,66.74098426508989,July,2024
"SIOUX CITY AIRPORT, IA US",42.39169,-96.37948,28.66510853131333,74.52894117181334,July,2024
"JOHN GLENN INTERNATIONAL AIRPORT, OH US",39.99068,-82.87703,29.199866428736208,65.54663491481224,July,2024
"OMAHA EPPLEY AIRFIELD, NE US",41.31186,-95.90186,28.80119217819201,64.46570649605447,July,2024
"CLEVELAND HOPKINS INTERNATIONAL AIRPORT, OH US",41.40568,-81.85191,28.323117104095186,70.77596420140625,July,2024
"NORFOLK KARL STEFAN MEMORIAL AIRPORT, NE US",41.97988,-97.4335,27.751160975730425,63.12933659254482,July,2024
"PARKERSBURG MID OHIO VALLEY REGIONAL AIRPORT, WV US",39.33948,-81.44379,26.20733715960969,66.94374151795238,July,2024
"MASON CITY MUNICIPAL AIRPORT, IA US",43.1544,-93.32611,29.038352328202386,67.24488072210838,July,2024
"TYLER POUNDS FIELD, TX US",32.3587,-95.404,31.667371972988885,65.14115971130053,July,2024
"WICHITA DWIGHT D. EISENHOWER NATIONAL AIRPORT, KS US",37.64753,-97.42999,25.528169659214733,66.93733396381711,July,2024
"DAL FTW WSCMO AIRPORT, TX US",32.89744,-97.02196,31.18151151018285,80.92513464322215,July,2024
"HARRISON BOONE CO AIRPORT, AR US",36.26727,-93.15657,29.27843453417922,70.68324853187772,July,2024
"BATON ROUGE METRO AIRPORT, LA US",30.53782,-91.14681,29.12575342810108,65.8035523164576,July,2024
"ELKINS RANDOLPH CO AIRPORT, WV US",38.8899,-79.85544,26.45571322720631,76.6932547027728,July,2024
"LINCOLN AIRPORT, NE US",40.84781,-96.76467,28.205700101978824,68.44634834562653,July,2024
"DANVILLE REGIONAL AIRPORT, VA US",36.57286,-79.33496,30.1085779650914,67.12124776487505,July,2024
"HICKORY FAA AIRPORT, NC US",35.74205,-81.38225,29.49996410340073,64.51389220630958,July,2024
"PONCA CITY MUNICIPAL AIRPORT, OK US",36.73689,-97.10234,30.25245192794496,68.41352823873449,July,2024
"HURON REGIONAL AIRPORT, SD US",44.37916,-98.22275,28.311672773089324,65.55892315664929,July,2024
"TULSA INTERNATIONAL AIRPORT, OK US",36.19854,-95.87825,27.68622934829945,65.09822227980423,July,2024
"ASHEVILLE REGIONAL AIRPORT, NC US",35.43178,-82.53787,29.264960011649432,64.33445568241318,July,2024
"CYRIL E. KING AIRPORT, VI US",18.33626,-64.97994,30.650949080244118,74.86883467969547,July,2024
"GRAND ISLAND CENTRAL NE REGIONAL AIRPORT, NE US",40.96146,-98.31304,26.533925124648047,69.31469855621111,July,2024
"OKLAHOMA CITY WILL ROGERS WORLD AIRPORT, OK US",35.38843,-97.60035,26.267365337247973,64.25302893198787,July,2024
"CLINTON SHERMAN AIRPORT, OK US",35.35677,-99.20411,29.63332693144759,57.40507708222293,July,2024
"JACKSON MCKELLAR SIPES AIRPORT, TN US",35.59332,-88.91696,26.74812913378426,65.18033030191161,July,2024
"WICHITA FALLS MUNICIPAL AIRPORT, TX US",33.97855,-98.49298,33.500905112774404,66.41061820210436,July,2024
"CINCINNATI MUNICIPAL AIRPORT LUNKEN FIELD, OH US",39.106,-84.41609,28.22267542547658,62.63210340090997,July,2024
"CINCINNATI NORTHERN KENTUCKY INTERNATIONAL AIRPORT, KY US",39.04443,-84.67241,29.65260947431689,64.37573790786665,July,2024
"DAYTON INTERNATIONAL AIRPORT, OH US",39.90638,-84.21853,26.34192672795241,59.69842004984479,July,2024
"EVANSVILLE REGIONAL AIRPORT, IN US",38.05015,-87.51465,27.061726514976986,56.9485092224442,July,2024
"DUBUQUE REGIONAL AIRPORT, IA US",42.39834,-90.70913,28.680983596569316,66.45986600033393,July,2024
"INDIANAPOLIS INTERNATIONAL AIRPORT, IN US",39.72515,-86.2816,27.35356013994977,65.13414765462407,July,2024
"CAPE GIRARDEAU FAA AIRPORT, MO US",37.22545,-89.57855,24.259974927275973,64.94295460572417,July,2024
"CHARLESTON WEST VIRGINIA INTERNATIONAL YEAGER AIRPORT, WV US",38.3795,-81.59112,25.94161082138531,67.55383294296956,July,2024
"JOPLIN REGIONAL AIRPORT, MO US",37.15222,-94.49524,26.33011495896851,61.70231063868445,July,2024
"NAPLES MUNICIPAL AIRPORT, FL US",26.15498,-81.77514,30.44128080445937,71.66236715541054,July,2024
"FLORENCE REGIONAL AIRPORT, SC US",34.18773,-79.73079,33.02267477275194,76.68711020786361,July,2024
"JACKSON REYNOLDS FIELD, MI US",42.26373,-84.45644,28.50557303626712,63.726470295641185,July,2024
"MACON MIDDLE GA REGIONAL AIRPORT, GA US",32.68889,-83.65296,32.24333692006724,79.49691880483974,July,2024
"MERIDIAN KEY FIELD, MS US",32.33483,-88.75073,35.01300351235875,70.24997213560154,July,2024
"DODGE CITY REGIONAL AIRPORT, KS US",37.77105,-99.96915,29.76283668335175,60.73810379070604,July,2024
"LAKE CHARLES REGIONAL AIRPORT, LA US",30.12551,-93.22771,33.20272893530158,74.2484201246419,July,2024
"MIDDLETOWN HARRISBURG INTERNATIONAL AIRPORT, PA US",40.1962,-76.77249,25.757100909997863,64.4371973542691,July,2024
"PADUCAH BARKLEY REGIONAL AIRPORT, KY US",37.05635,-88.77425,28.089309904346493,70.26275247299169,July,2024
"WASHINGTON REAGAN NATIONAL AIRPORT, VA US",38.84721,-77.03454,28.4480449934819,67.06673144344101,July,2024
"CONCORDIA ASOS, KS US",39.55127,-97.65077,27.377159156108767,63.36085515442997,July,2024
"MANHATTAN ASOS, KS US",39.13456,-96.67894,30.559569671173612,72.60507470671199,July,2024
"HENRY E. ROHLSEN AIRPORT, VI US",17.69965,-64.81249,32.07680586586095,67.50314397840422,July,2024
"ROANOKE BLACKSBURG REGIONAL AIRPORT, VA US",37.31719,-79.97369,26.157476852143144,54.171905030760996,July,2024
"OTTUMWA INDUSTRIAL AIRPORT, IA US",41.10079,-92.44453,26.50393394387637,69.40289835427176,July,2024
"RICHMOND INTERNATIONAL AIRPORT, VA US",37.51154,-77.32338,31.423513507339848,66.74965997372222,July,2024
"JACKSON INTERNATIONAL AIRPORT, MS US",32.31982,-90.07778,31.369815534092158,76.4185959386661,July,2024
"KWAJALEIN, MH RM",8.73333,167.73333,28.882206585199068,65.59163070820908,July,2024
"PHILADELPHIA INTERNATIONAL AIRPORT, PA US",39.87326,-75.22681,27.10098327915025,63.76424171294104,July,2024
"FORT WAYNE INTERNATIONAL AIRPORT, IN US",40.97248,-85.20636,25.26007075977425,63.19979113083775,July,2024
"AUGUSTA BUSH FIELD AIRPORT, GA US",33.36517,-81.96353,33.3759661977062,74.6688103762496,July,2024
"FLINT FCWOS, MI US",42.96684,-83.74996,25.06772188130328,68.25425090006136,July,2024
"NORFOLK INTERNATIONAL AIRPORT, VA US",36.90371,-76.19266,25.896692364494783,66.07400187858569,July,2024
"FINDLAY AIRPORT, OH US",41.01369,-83.66814,28.005982840766684,66.10622351994384,July,2024
"GREENWOOD LEFLORE AIRPORT, MS US",33.49612,-90.08946,33.66407025052466,64.24514418913131,July,2024
"MORGANTOWN MUNICIPAL AIRPORT, WV US",39.64981,-79.92064,27.895848897281006,68.8434106844336,July,2024
"WATERTOWN REGIONAL AIRPORT, SD US",44.90452,-97.14957,26.11353184330143,68.945605117451,July,2024
"MILLVILLE MUNICIPAL AIRPORT, NJ US",39.36623,-75.07778,28.273844486043014,76.4555358730937,July,2024
"SAVANNAH HILTON HEAD INTERNATIONAL AIRPORT, GA US",32.13133,-81.2023,31.2983038040358,72.35392487197622,July,2024
"TEXARKANA WEBB FIELD, AR US",33.45606,-93.98777,33.69905325982417,73.16229343074089,July,2024
"ZANESVILLE MUNICIPAL AIRPORT, OH US",39.94609,-81.89315,29.28218200211957,67.38800563831147,July,2024
"BRISTOL AIRPORT, TN US",36.47964,-82.39893,27.194260806279004,61.5164761635061,July,2024
"BIRMINGHAM AIRPORT, AL US",33.56545,-86.7449,33.16965921560469,76.24700714905426,July,2024
"COLUMBIA REGIONAL AIRPORT, MO US",38.81704,-92.21475,28.406838421298733,64.72126910938069,July,2024
"VICHY ROLLA NATIONAL AIRPORT, MO US",38.13178,-91.76468,30.050214200080426,64.03520573716649,July,2024
"TOPEKA ASOS, KS US",39.07246,-95.62602,29.105771960047864,64.32593237152801,July,2024
"ATLANTA HARTSFIELD JACKSON INTERNATIONAL AIRPORT, GA US",33.62972,-84.44224,32.820493587316456,69.67028195833522,July,2024
"GENERAL WAYNE A. DOWNING INTERNATIONAL AIRPORT, IL US",40.66747,-89.68418,29.991939218006443,62.567954556664745,July,2024
"KANSAS CITY INTERNATIONAL AIRPORT, MO US",39.29747,-94.73087,28.0231070223364,66.07619306593851,July,2024
"SPRINGFIELD WEATHER SERVICE OFFICE AIRPORT, MO US",37.23983,-93.38995,26.840349316091395,64.51695757571564,July,2024
"ATHENS BEN EPPS AIRPORT, GA US",33.94773,-83.32736,32.30125960804116,69.09145303986598,July,2024
"PELLSTON REGIONAL AIRPORT, MI US",45.5644,-84.79291,23.46687854380718,62.449124774232494,July,2024
"ST LOUIS LAMBERT INTERNATIONAL AIRPORT, MO US",38.75246,-90.37342,28.90629482372455,65.37894343926934,July,2024
"LEXINGTON BLUE GRASS AIRPORT, KY US",38.0408,-84.6058,28.09291605246728,62.229320268948385,July,2024
"MUSKEGON CO AIRPORT, MI US",43.17111,-86.23685,28.604405308630795,61.18229706462068,July,2024
"ST JOSEPH ROSECRANS MEMORIAL AIRPORT, MO US",39.76829,-94.90953,26.19382790065673,65.49200833407434,July,2024
"ANNISTON METROPOLITAN AIRPORT, AL US",33.59043,-85.84788,32.762429803033434,66.26684080481539,July,2024
"LOUISVILLE INTERNATIONAL AIRPORT, KY US",38.17738,-85.73077,26.072165819718688,60.906941239748235,July,2024
"WATERLOO MUNICIPAL AIRPORT, IA US",42.55437,-92.40131,29.442640272303024,60.977616309642,July,2024
"ALMA BACON CO AIRPORT, GA US",31.54006,-82.50735,33.44488156488356,71.27492366238869,July,2024
"SPRINGFIELD ABRAHAM LINCOLN CAPITAL AIRPORT, IL US",39.84529,-89.68401,28.521931198910185,70.96771235502469,July,2024
"LAWTON MUNICIPAL AIRPORT, OK US",34.55771,-98.4172,32.4651303625288,71.73880324113446,July,2024
"MILWAUKEE MITCHELL AIRPORT, WI US",42.95489,-87.9045,27.66451589408062,69.43410856213691,July,2024
"MADISON DANE CO REGIONAL AIRPORT, WI US",43.14069,-89.34521,27.095156992554436,64.6514904044109,July,2024
"WILMINGTON INTERNATIONAL AIRPORT, NC US",34.26678,-77.89987,31.977531191855935,70.71112600348191,July,2024
"LANSING CAPITAL CITY AIRPORT, MI US",42.77609,-84.59972,30.974027382413755,73.26497834424325,July,2024
"DESERT ROCK AIRPORT, NV US",36.6206,-116.0278,28.343978375182033,69.14352493803504,July,2024
"POHNPEI WEATHER SERVICE OFFICE, FM FM",6.9667,158.2167,29.981376343925646,74.68513365704422,July,2024
"CHUUK WEATHER SERVICE OFFICE AIRPORT, FM FM",7.46666,151.85,29.437461550641288,68.67897684833416,July,2024
"RAPID CITY REGIONAL AIRPORT, SD US",44.04582,-103.05442,25.842888472764688,64.97366111673757,July,2024
"EUREKA AIRPORT, NV US",39.6013,-116.0055,27.43360512959731,67.02832228599945,July,2024
"HILO INTERNATIONAL AIRPORT 87, HI US",19.71909,-155.04897,33.89869862654952,66.96799118876531,July,2024
"MEEKER AIRPORT, CO US",40.04437,-107.88836,26.46477432044696,53.184104694793845,July,2024
"TORRINGTON MUNICIPAL AIRPORT, WY US",42.06131,-104.15846,30.13261972689324,66.98233485814423,July,2024
"YAP ISLAND WEATHER SERVICE OFFICE AIRPORT, FM FM",9.48333,138.08333,32.269172587604864,74.80683244024964,July,2024
"NEW ORLEANS AIRPORT, LA US",29.99755,-90.27772,32.725165502417475,70.27600876897591,July,2024
"PORT ARTHUR SE TX REGIONAL AIRPORT, TX US",29.95205,-94.02616,32.68405938257554,67.02046279593476,July,2024
"BURNS MUNICIPAL AIRPORT, OR US",43.59486,-118.95788,28.885997945056566,63.34651927278613,July,2024
"VICTORIA REGIONAL AIRPORT, TX US",28.86245,-96.9301,31.382951767966766,59.85863479710605,July,2024
"HOUSTON WILLIAM P HOBBY AIRPORT, TX US",29.64586,-95.28212,28.49837661617729,68.33387006318799,July,2024
"BROWNSVILLE S PADRE ISLAND INTERNATIONAL AIRPORT, TX US",25.91459,-97.42314,31.117464466301538,64.4245759646235,July,2024
"CORPUS CHRISTI INTERNATIONAL AIRPORT, TX US",27.77335,-97.51302,30.668181221695733,66.50179188966263,July,2024
"SAN ANTONIO INTERNATIONAL AIRPORT, TX US",29.54429,-98.48395,32.46584372555642,64.17158363174785,July,2024
"KALISPELL GLACIER AIRPORT, MT US",48.30408,-114.26426,24.328858376235505,53.59511282780737,July,2024
"ORLANDO INTERNATIONAL AIRPORT, FL US",28.41822,-81.32413,31.59143056537216,64.97943787620777,July,2024
"AUSTIN BERGSTROM INTERNATIONAL AIRPORT, TX US",30.18311,-97.67989,34.63328747010513,73.16409318054549,July,2024
"GAINESVILLE REGIONAL AIRPORT, FL US",29.6917,-82.27603,31.03890708106003,67.45105135520132,July,2024
"PALACIOS MUNICIPAL AIRPORT, TX US",28.7248,-96.25353,28.661399993916664,64.46037386902569,July,2024
"ALICE INTERNATIONAL AIRPORT, TX US",27.74131,-98.02507,32.17918501010868,73.77007035697244,July,2024
